question,answer
"How do I treat a minor injury in the wilderness without proper medical supplies?","Clean the wound with the cleanest water available (boiled is best). Cover with a clean cloth or bandage made from clothing. Use honey or sugar as an antiseptic if available. Monitor for infection."
"What are the best materials for creating emergency cordage or rope?","Inner bark of trees (like basswood or cedar), plant fibers (nettle, milkweed), animal sinew, braided grasses."
"How can I efficiently collect rainwater if it's raining and I have no containers?","Use a poncho or large leaves to create a funnel directing water into a hole in the ground lined with clay or a large leaf. Wring out absorbent clothing into your mouth."
"What's the safest way to cross a river or stream when lost in the wilderness?","Find the widest, shallowest point. Use a sturdy stick for balance. Unbuckle your backpack. Face upstream and shuffle across, keeping your feet planted."
"If I encounter wildlife, how do I avoid aggressive encounters or protect myself?","Make yourself appear large. Make noise. Avoid direct eye contact. Slowly back away. If attacked, fight back aggressively targeting eyes and nose."
"How can I navigate using the position of the sun during the day without a compass?","Place a stick vertically in the ground. Mark the tip of the shadow. Wait 15-20 minutes and mark the new tip. The line connecting the marks approximates east to west."
"What are some quick ways to signal for help using natural materials around me?","Build a large signal fire with green vegetation to create smoke. Use a signal mirror to reflect sunlight. Lay out bright clothing or materials in an open area."
"In cold weather, what's the best way to keep warm without matches or fire-making tools?","Build a debris shelter for insulation. Layer clothing. Stuff clothing with dry leaves or grass. Huddle with others for shared body heat."
"How do I assess if an area is safe from natural hazards like falling rocks or avalanches?","Look for signs of previous rockfalls or avalanches (bare slopes, debris piles). Avoid steep slopes, especially after rain or snow. Listen for cracking sounds."
"What steps should I take immediately after realizing I'm lost to increase my chances of rescue?","Stop, stay calm, and assess your situation (S.T.O.P.). Try to retrace your steps. Find a safe location to stay. Signal for help."
"How can I identify edible plants and avoid poisonous ones in the wilderness?","Consult a reliable field guide. Avoid plants with milky sap, shiny leaves, or beans/seeds inside pods. If unsure, rub a small amount on your skin first to check for a reaction."
"What materials are best for building an emergency shelter using natural resources?","Branches, leaves, pine needles, mud, snow (for snow caves), large rocks, fallen logs."
"If I don't have rainwater, how can I find or purify water sources in the wild?","Look for springs, seeps, and dew. Collect water from plant leaves. Boil water for at least one minute (longer at higher altitudes). Use a charcoal filter (improvised)."
"How do I create a makeshift splint to immobilize a broken limb without proper supplies?","Use branches, bark, or cardboard padded with cloth. Secure the splint with strips of cloth, rope, or vines."
"What techniques can I use to stay dry and prevent hypothermia if caught in the cold?","Build a shelter to block wind and rain. Layer clothing and keep it dry. Avoid sweating. Stay active to generate heat."
"How can I effectively signal for help during nighttime using available resources?","Build a large signal fire. Use a whistle. Shine a light (if available) in a sweeping motion. Shout periodically."
"If bitten by an insect, how should I treat the wound to prevent infection or allergic reactions?","Wash the bite with soap and water. Apply a cold compress. Elevate the affected area. Monitor for signs of infection or allergic reaction."
"What are some strategies to keep myself visible to rescuers while staying safe?","Stay in an open area. Create large ground signals. Use brightly colored clothing or materials."
"How do I navigate using stars if it's clear at night without a compass?","Locate the North Star (Polaris) by finding the Big Dipper. Face Polaris and you are facing north."
"What natural materials can be used to create a fire starter when matches aren't available?","Dry grass, bird nests, pine needles, shredded bark, cottonwood fluff, resinous wood (fatwood)."
"How can I build a sturdy shelter using only natural materials found in the wilderness?","Lean-to shelters using branches against a fallen log or tree. Debris huts made from interwoven branches covered with leaves. Snow caves in snowy environments."
"What are some methods to identify edible plants and fungi in an unfamiliar environment?","Cross-reference with multiple reliable field guides. Use the universal edibility test (small amount on skin, then lip, then tongue, then swallow small amount, waiting for reactions). Avoid brightly colored mushrooms."
"If I don't have a water filter, how can I safely purify water from a stream or lake?","Boiling for at least one minute is the most effective. If boiling isn't possible, use a makeshift filter with layers of charcoal, sand, and cloth. Let the water settle before filtering."
"How do I navigate by the stars if I'm lost at night without any tools or maps?","Locate the North Star (Polaris) to determine north. Learn the constellations to maintain direction. Note the moon's position relative to your direction of travel."
"In the absence of hunting tools, what are effective ways to catch small game or fish for food?","Build snares and traps for small animals (rabbits, squirrels). Create a fishing spear. Build a fish trap in a stream. Use bait to attract animals to traps."
"What is the best way to create a large-scale SOS signal visible from above?","Clear a large area of vegetation. Arrange rocks, logs, or bright clothing into the letters SOS. Create a large signal fire with green vegetation for smoke."
"If I experience hypothermia symptoms, how can I warm myself up safely and quickly?","Get out of the cold and wet. Remove wet clothing. Build a fire. Drink warm liquids. Huddle with others for body heat. Seek shelter."
"How do I prevent dehydration in hot weather without access to water sources?","Minimize physical activity. Stay in the shade. Conserve sweat by wearing loose clothing. Avoid caffeine and alcohol. Eat moisture-containing foods (if available)."
"What are alternative methods to start a fire without matches or a lighter?","Friction fire (bow drill, hand drill, fire plow). Use sunlight and a magnifying glass or polished surface. Create sparks with flint and steel (if available)."
"How can I determine if a cave or overhang is safe to use as shelter?","Check for animal droppings or signs of habitation. Ensure it's structurally sound and not prone to collapse. Be aware of potential rockfalls. Look for ventilation."
"Am I injured?","Check for cuts, bruises, sprains, broken bones, head trauma, and internal bleeding."
"What are my immediate dangers?","Assess for threats such as weather, dangerous animals, terrain hazards, and lack of resources."
"Where is the nearest source of fresh water?","Look for rivers, streams, lakes, springs, and collect rainwater or dew."
"What edible plants are available?","Consult a field guide and carefully identify safe plants, avoiding those with warning signs."
"How can I signal for help?","Build a fire, use a signal mirror, create ground signals, and make noise."
"What is the weather forecast?","Observe cloud formations, wind direction, and temperature changes to predict upcoming weather."
"How can I build a fire?","Gather tinder, kindling, and fuel, then use a match, lighter, or friction method to ignite the tinder and gradually add larger pieces of wood."
"What materials can I use for shelter?","Branches, leaves, pine needles, snow, mud, and rocks can be used to construct a temporary shelter."
"Is there a high vantage point for observation?","Look for hills, trees, or rock formations to gain a better view of the surrounding area."
"Are there any dangerous animals nearby?","Look for tracks, scat, and listen for sounds that indicate the presence of predators or poisonous creatures."
"How long have I been here?","Try to estimate the time based on landmarks, the position of the sun, or personal memory."
"What are my survival priorities?","Shelter, water, fire, food, and signaling for help are the key priorities for survival."
"How can I ration my supplies?","Divide remaining food and water into small, equal portions to extend the supply as long as possible."
"What are my navigation options?","Use a compass, map, sun, stars, or landmarks to determine direction and location."
"Is there a pre-existing trail I can follow?","Look for worn paths, footprints, or signs of human activity that may lead to civilization."
"Can I find a map and compass?","Check your pockets, backpack, and immediate surroundings for navigational tools."
"What are the properties of this soil?","Examine the soil for moisture, texture, and composition to determine its suitability for growing food or building shelter."
"How can I purify water?","Boil water for at least one minute, use a water filter, or create a makeshift filter with charcoal, sand, and cloth."
"What insects are safe to eat?","Avoid brightly colored insects and those with stingers or hairs. Grasshoppers, crickets, and some larvae can be a source of protein."
"How can I build a trap for small animals?","Use snares, deadfalls, or pit traps to capture rabbits, squirrels, or other small animals."
"What are the local landmarks?","Identify prominent features such as mountains, rivers, or distinctive rock formations to aid in navigation."
"What are the signs of hypothermia?","Shivering, confusion, slurred speech, and loss of coordination are symptoms of hypothermia."
"What are the signs of heatstroke?","Headache, dizziness, nausea, rapid heartbeat, and confusion are signs of heatstroke."
"How can I treat a wound?","Clean the wound with water and apply a bandage to prevent infection."
"Is there any way to create a makeshift splint?","Use branches, bark, or cloth to immobilize a broken limb."
"Can I make rope from natural materials?","Braided grasses, bark fibers, and plant stems can be used to create rope."
"What is the best way to stay warm at night?","Build a fire, create a shelter, and layer clothing to insulate against the cold."
"How can I protect myself from insects?","Wear long clothing, use insect repellent, and build a smoky fire to deter insects."
"Can I build a smoke signal?","Burn green vegetation to create a thick plume of smoke that can be seen from a distance."
"How can I create a sun compass?","Use a stick to cast a shadow and track its movement to determine direction."
"Is there any evidence of previous human presence?","Look for signs such as trails, campsites, or discarded items that indicate previous human activity."
"What is the best direction to travel?","Assess your location and resources, then choose a direction that leads towards civilization or a known water source."
"Are there any rivers or streams nearby?","Listen for the sound of running water and look for signs of vegetation growth along waterways."
"What is the elevation of this location?","Estimate the elevation based on landmarks and terrain features."
"How can I collect rainwater?","Use tarps, ponchos, or natural containers to collect rainwater."
"What kind of rocks are present?","Identify rock types to assess their potential use for tools, shelter, or fire-building."
"Is there a cave I can use for shelter?","Look for natural caves or rock overhangs that can provide protection from the elements."
"Can I start a fire with friction?","Use a bow drill, hand drill, or fire plow to create friction and generate heat."
"What are the local bird calls?","Listen for bird calls to identify potential food sources and assess the surrounding environment."
"How can I sharpen a tool?","Use a rock or another tool to sharpen a knife or axe."
"Can I create a fishing line and hook?","Use plant fibers to create a line and bend a small piece of metal or bone into a hook."
"Is there any sign of a road?","Look for cleared paths, tire tracks, or signs of road construction."
"How can I tell time without a watch?","Use the position of the sun and the length of shadows to estimate the time of day."
"What are the psychological effects of isolation?","Anxiety, depression, and loneliness can be common psychological effects of isolation."
"How can I stay positive?","Focus on small tasks, maintain a routine, and practice mindfulness to stay positive."
"Can I create a temporary map of my surroundings?","Sketch a rough map of the area, noting landmarks, water sources, and potential hazards."
"What is the density of the vegetation?","Assess the thickness of the vegetation to determine its suitability for shelter and navigation."
"Are there any poisonous plants?","Consult a field guide and carefully identify plants to avoid poisonous species."
"How can I preserve food?","Dry meat or fish over a fire or use salt to preserve food."
"What is the wind direction?","Observe the movement of smoke or leaves to determine the direction of the wind."
"Can I create a snare trap?","Use a loop of rope or wire to create a snare that will capture small animals."
"Is there any sign of civilization on the horizon?","Look for buildings, roads, or other signs of human activity in the distance."
"How can I make a water filter?","Layer charcoal, sand, and cloth in a container to filter impurities from water."
"What are the cloud formations telling me?","Interpret cloud formations to predict upcoming weather conditions."
"Can I create a makeshift weapon?","Sharpen a stick into a spear or use rocks as projectiles for defense."
"Is there any way to attract animals?","Use bait, calls, or scents to attract animals to traps or hunting locations."
"How can I create a still for water?","Use a container to collect evaporated water from a water source."
"What are the seasonal changes in this environment?","Understand the impact of seasonal changes on food sources, water availability, and shelter needs."
"Can I use the stars to navigate?","Use constellations to determine direction at night."
"Is there a potential for flooding?","Assess the terrain and weather conditions to determine the risk of flooding."
"How can I control my breathing to conserve energy?","Practice deep, slow breathing to conserve oxygen and reduce stress."
"What is the humidity level?","Estimate the humidity level based on the amount of moisture in the air."
"Can I make clothing from natural materials?","Use plant fibers or animal hides to create clothing for protection."
"Is there any way to attract rescuers?","Build a large signal fire, use a signal mirror, and create ground signals to attract rescuers."
"How can I disinfect a wound?","Use boiled water, alcohol, or diluted iodine to disinfect a wound."
"What are the long-term survival strategies?","Establish a sustainable food and water supply, build a durable shelter, and maintain physical and mental health for long-term survival."
"Can I create a mirror to reflect sunlight?","Polish a piece of metal or use a reflective surface to create a signal mirror."
"Is there a natural source of salt?","Look for salt deposits or collect salt from saltwater sources."
"How can I create a signal fire?","Build a large fire with green vegetation to create a thick plume of smoke."
"What are the dangers of eating raw meat?","Raw meat can contain bacteria and parasites that can cause illness."
"Can I build a raft?","Use logs, branches, or inflatable materials to construct a raft for crossing water."
"Is there a way to preserve my footprints?","Cover footprints with debris or mark them with rocks to help retrace your steps."
"How can I keep animals away from my shelter?","Build a fence around the shelter or use scent deterrents to keep animals away."
"What are the medicinal properties of local plants?","Consult a field guide to identify plants with medicinal properties for treating injuries and illnesses."
"Can I create a lever system?","Use a lever and fulcrum to lift heavy objects or move obstacles."
"Is there a way to create a slingshot?","Use a forked stick and elastic material to create a slingshot for hunting small game."
"How can I camouflage my shelter?","Cover the shelter with natural materials to blend it into the surrounding environment."
"What are the dangers of drinking stagnant water?","Stagnant water can contain bacteria and parasites that can cause illness."
"Can I distill alcohol?","Use a still to distill alcohol from fermented plant materials."
"Is there a way to make charcoal?","Burn wood in a low-oxygen environment to create charcoal."
"How can I create a digging tool?","Sharpen a stick or use a rock to create a digging tool for finding food or water."
"What are the nutritional values of different plants?","Consult a field guide to determine the nutritional content of edible plants."
"Can I make glue from natural materials?","Boil animal hides or use plant resins to create glue."
"Is there a way to make a compass from a needle?","Magnetize a needle by rubbing it against silk or hair, then float it on water to align with the Earth's magnetic field."
"How can I protect my eyes from the sun?","Wear a hat, use charcoal around the eyes or create makeshift sunglasses."
"What are the social dynamics of local animal populations?","Observe animal behavior to understand their movements and avoid conflicts."
"Can I create a blowgun?","Use a hollow tube and darts to create a blowgun for hunting small animals."
"Is there a way to create a makeshift hammer?","Attach a rock to a stick to create a hammer."
"How can I insulate my shelter?","Use layers of leaves, grass, or snow to insulate the shelter."
"What are the risks of encountering predators?","Assess the potential for attacks from bears, wolves, or other predators and take precautions to avoid encounters."
"Can I create a bow and arrow?","Use a flexible branch and string to create a bow and arrows for hunting."
"Is there a way to make a raft more buoyant?","Use inflatable materials or attach lightweight logs to increase buoyancy."
"How can I create a grinding stone?","Use two rocks to grind grains or seeds into flour."
"What are the patterns of animal migration?","Understand animal migration patterns to locate potential food sources."
"Can I make a dye from natural materials?","Use berries, roots, or bark to create dyes for clothing or signaling."
"Is there a way to create a water pump?","Use a lever and piston system to create a water pump."
"How can I protect myself from lightning?","Avoid open areas, stay away from tall trees, and crouch low to the ground during a thunderstorm."
"What are the signs of a changing ecosystem?","Observe changes in plant and animal life to assess the health of the environment."
"Can I create a battery?","Use dissimilar metals and an electrolyte solution to create a rudimentary battery."
"Is there a way to make a solar oven?","Use reflective materials to focus sunlight and cook food."
"How can I create a rudimentary forge?","Use a fire and bellows to create a forge for heating and shaping metal."
"What are the dangers of encountering snakes?","Identify venomous snakes and take precautions to avoid bites."
"Can I extract oil from plants?","Press seeds or nuts to extract oil for cooking or medicinal purposes."
"Is there a way to make a simple loom?","Use a frame and string to create a loom for weaving cloth."
"How can I identify different types of edible mushrooms?","Consult a field guide and carefully identify mushrooms, avoiding those with warning signs."
"What are the long-term implications of my actions on the environment?","Consider the impact of resource use and waste disposal on the surrounding ecosystem."
"What tools do I have on my person?","Check pockets, bag, and clothing for knives, multi-tools, first-aid kits, and other useful items."
"Can I remember any survival training?","Recall any skills learned from previous experiences, books, or courses."
"What is my mental state? Am I panicking?","Assess emotional state and implement coping mechanisms to reduce anxiety and maintain focus."
"How can I best conserve my energy?","Avoid unnecessary movements, pace activities, and prioritize tasks to minimize exertion."
"Are there any berry bushes nearby?","Look for bushes with edible berries, consulting a field guide for identification."
"What are the fruiting seasons in this area?","Research or recall the typical fruiting seasons for local plants to maximize food gathering efforts."
"Can I identify animal tracks?","Examine tracks to determine the species, size, and direction of travel for hunting or avoiding dangerous animals."
"What is the nearest populated area?","Consider known locations, landmarks, and travel direction to estimate proximity to civilization."
"Is this area prone to flash floods?","Assess the terrain and weather patterns to determine the risk of flash floods."
"How can I attract fish to my fishing line?","Use bait, shiny objects, or movement to attract fish to the hook."
"What is the best time to hunt?","Observe animal activity patterns to determine the best time to hunt."
"How can I create a signal mirror that is more effective?","Polish the reflective surface and aim the reflected light towards potential rescuers."
"Can I make an axe out of stone?","Shape a stone into a blade and attach it to a handle for chopping wood."
"How effective is my current shelter?","Assess the shelter's ability to provide protection from wind, rain, and cold."
"What are the risks of consuming wild mushrooms?","Avoid brightly colored or unknown mushrooms due to potential toxicity."
"How can I improve my water filtration system?","Add more layers of filtration materials or use boiling for additional purification."
"What natural landmarks can guide me?","Identify mountains, rivers, or distinctive rock formations to aid in navigation."
"Is there any sign of air traffic?","Listen for the sound of airplanes or helicopters and look for contrails in the sky."
"How can I protect myself from sunburn?","Wear clothing, seek shade, and apply mud or plant extracts to the skin."
"What are the signs of dehydration?","Thirst, headache, dizziness, and dark urine are symptoms of dehydration."
"How can I make my fire burn hotter?","Use dry wood, add more fuel, and create a draft to increase the fire's intensity."
"Can I create a clay pot for cooking?","Shape clay into a pot and fire it in a fire to harden it for cooking."
"What are the dangers of attracting large predators?","Avoid attracting bears, wolves, or other predators to the campsite."
"How can I preserve meat without refrigeration?","Dry, smoke, or salt meat to prevent spoilage."
"Is there any way to create a natural insect repellent?","Use smoke from a fire, apply mud, or use plant extracts to repel insects."
"How can I identify edible roots and tubers?","Consult a field guide and carefully identify safe roots and tubers, avoiding those with warning signs."
"What are the symptoms of plant poisoning?","Nausea, vomiting, diarrhea, and skin irritation are symptoms of plant poisoning."
"Can I make a simple form of bread?","Grind grains into flour and mix with water to create dough, then bake it in a fire or on a hot rock."
"What are the dangers of drinking from a spring?","Spring water can be contaminated with bacteria or parasites."
"How can I make a comfortable bed?","Gather soft materials such as leaves, pine needles, or grass to create a bed."
"How can I protect my food from rodents?","Store food in a container or hang it from a tree to prevent rodents from reaching it."
"What are the best materials for kindling?","Dry grass, bark, pine needles, and twigs are good materials for kindling."
"Can I make a whistle to signal for help?","Carve a whistle from a piece of wood or use a shell or bone to create a whistle."
"How can I create a makeshift bandage?","Use clean cloth, leaves, or moss to create a bandage."
"What are the signs of a coming storm?","Dark clouds, strong winds, and changes in temperature can indicate an approaching storm."
"How can I make a more durable rope?","Twist and braid plant fibers or animal sinew tightly to create a durable rope."
"What are the best methods for catching birds?","Use snares, traps, or slingshots to catch birds."
"Can I create a simple sundial?","Place a stick vertically in the ground and mark the position of the shadow at different times of the day to create a sundial."
"How can I improve my chances of being rescued?","Stay visible, signal for help, and leave a trail of breadcrumbs or markers."
"What are the dangers of sleeping on the ground?","Cold, moisture, and insects can make sleeping on the ground uncomfortable and dangerous."
"How can I create a safe cooking area?","Clear the area of flammable materials and build a fire pit or use a rock to create a cooking surface."
"What are the best ways to avoid attracting insects at night?","Use smoke, insect repellent, and wear long clothing to avoid attracting insects."
"Can I make a container to store water?","Use bark, animal bladders, or clay to create a container for storing water."
"How can I sharpen a knife without a sharpener?","Use a rock or another tool to sharpen the blade."
"What are the risks of traveling at night?","Reduced visibility, increased danger of accidents, and increased risk of encountering predators."
"How can I create a comfortable seat?","Use a log, rock, or pile of leaves to create a comfortable seat."
"What are the best methods for catching fish in a stream?","Use a fishing pole, spear, or trap to catch fish."
"Can I make a fishing net?","Weave plant fibers into a net for catching fish."
"How can I create a safe place to relieve myself?","Dig a hole away from water sources and campsites and cover the waste after use."
"What are the best ways to prevent foot injuries?","Wear sturdy shoes or boots, avoid walking on sharp objects, and keep feet dry."
"How can I make a more efficient fire pit?","Build a pit that is sheltered from the wind and lined with rocks to reflect heat."
"What are the risks of building a fire near trees?","Sparks or embers can ignite trees or dry vegetation, causing a wildfire."
"Can I create a tanning process for animal hides?","Use plant tannins to tan animal hides and make leather."
"How can I make my shelter more resistant to rain?","Use overlapping layers of leaves, bark, or other waterproof materials to create a roof."
"What are the best methods for preserving berries?","Dry or mash berries and spread them out to dry in the sun."
"How can I protect myself from wild animals while sleeping?","Build a fire, create a shelter, and make noise to deter animals from approaching."
"Can I make a rudimentary form of pottery?","Shape clay into a pot and fire it in a fire to harden it."
"How can I create a distraction for predators?","Throw rocks or make noise to distract predators and give yourself time to escape."
"What are the risks of overexertion?","Exhaustion, dehydration, and injury are risks of overexertion."
"How can I maintain my hygiene in the wilderness?","Wash with water, use natural soap, and dispose of waste properly to maintain hygiene."
"What are the best methods for preventing insect bites?","Wear long clothing, use insect repellent, and avoid areas with high insect populations."
"Can I make a raft that is more stable?","Use larger logs or attach outriggers to the raft for increased stability."
"How can I create a signal that is visible from the air?","Build a large signal fire, use a signal mirror, or lay out bright clothing or materials in an open area."
"What are the dangers of drinking untreated river water?","Untreated river water can contain bacteria and parasites that can cause illness."
"How can I make a comfortable pair of shoes?","Use animal hides, plant fibers, or cloth to create shoes that protect the feet."
"What are the best ways to catch small mammals?","Use snares, traps, or deadfalls to catch small mammals."
"Can I make a simple form of soap?","Mix ashes with fat to create a simple form of soap."
"How can I create a safe place to store my tools?","Hang tools from a tree or store them in a container to keep them safe and organized."
"What are the risks of starting a wildfire?","Uncontrolled fires can spread rapidly and cause extensive damage to property and the environment."
"How can I make my fire more efficient for cooking?","Use a tripod or cooking grate to suspend pots over the fire and control the heat."
"What are the best methods for preserving seeds?","Dry seeds thoroughly and store them in a cool, dry place."
"How can I protect myself from falling branches?","Avoid standing under trees during strong winds or storms."
"Can I make a rudimentary form of paper?","Pound plant fibers into a thin sheet and dry it to create paper."
"How can I create a water source that is less likely to freeze?","Locate a spring or stream that is fed by underground water, which is less likely to freeze."
"What are the dangers of getting lost in the dark?","Reduced visibility, increased risk of accidents, and increased risk of encountering predators."
"How can I make my shelter more resistant to wind?","Build a low-profile shelter and anchor it securely to the ground to resist wind."
"What are the best ways to catch snakes for food?","Use a forked stick to pin down snakes and then kill them with a rock or stick."
"Can I make a simple form of candle?","Dip plant fibers or cloth in melted fat to create a candle."
"How can I create a signal fire that burns longer?","Use large logs and add fuel gradually to keep the fire burning for a longer period."
"What are the risks of eating raw insects?","Raw insects can contain parasites or toxins that can cause illness."
"How can I make my traps more effective?","Use bait, camouflage, and careful placement to improve the effectiveness of traps."
"What are the best methods for preserving edible plants?","Dry, salt, or pickle edible plants to preserve them for later use."
"How can I protect myself from avalanches?","Avoid steep slopes, especially after heavy snowfall, and be aware of avalanche warning signs."
"Can I make a rudimentary form of mortar?","Grind clay or limestone and mix it with water to create mortar."
"How can I create a water filter that removes more impurities?","Use multiple layers of filtration materials, including charcoal, sand, and gravel, to remove more impurities."
"What are the dangers of approaching wild animals?","Wild animals can be unpredictable and may attack if they feel threatened."
"How can I make my shelter more resistant to snow?","Build a dome-shaped shelter to shed snow or reinforce the roof with branches and snow blocks."
"What are the best ways to catch lizards for food?","Use snares, traps, or slingshots to catch lizards."
"Can I make a simple form of musical instrument?","Create a flute or drum from natural materials."
"How can I create a map that is more detailed?","Use a compass and pacing to measure distances and create a more detailed map."
"What are the risks of traveling alone?","Increased risk of accidents, injuries, and inability to signal for help."
"How can I maintain a positive attitude in a group?","Encourage communication, cooperation, and mutual support to maintain a positive attitude."
"What are the best methods for preserving roots?","Dry or store roots in a cool, dry place."
"How can I protect myself from falling rocks?","Avoid steep slopes and areas with loose rocks."